Website,Global Rank,Country Rank,Category Rank,Total Visits,Visit Duration,Pages/Visit,Bounce,Details
www.lifehack.org/,2678,1281,488,21.60M,00:02:05,2.11,62.23%,https://www.similarweb.com/website/www.lifehack.org/
elitedaily.com,4682,1575,592,15.50M,00:01:06,1.41,78.49%,https://www.similarweb.com/website/elitedaily.com
thoughtcatalog.com,2063,813,230,26.80M,00:02:39,2.24,70.04%,https://www.similarweb.com/website/thoughtcatalog.com
www.mindbodygreen.com/,8310,3064,79,8.60M,00:01:17,1.50,76.91%,https://www.similarweb.com/website/www.mindbodygreen.com/
greatist.com/,6754,2448,8,10.60M,00:00:58,1.44,77.37%,https://www.similarweb.com/website/greatist.com/
www.artofmanliness.com/,8016,3148,147,7.70M,00:02:00,2.14,68.49%,https://www.similarweb.com/website/www.artofmanliness.com/
www.brainpickings.org/,12651,5773,1513,6M,00:01:31,1.39,79.79%,https://www.similarweb.com/website/www.brainpickings.org/
fourhourworkweek.com/blog,22139,9584,4,2.90M,00:01:38,1.84,61.84%,https://www.similarweb.com/website/fourhourworkweek.com/blog
www.iwillteachyoutoberich.com/,39916,16363,327,1.40M,00:01:53,1.94,66.50%,https://www.similarweb.com/website/www.iwillteachyoutoberich.com/
www.marksdailyapple.com,25342,8718,12,2.50M,00:01:23,1.79,65.33%,https://www.similarweb.com/website/www.marksdailyapple.com
zenhabits.net,33226,14422,779,2M,00:01:05,1.54,75.78%,https://www.similarweb.com/website/zenhabits.net
tinybuddha.com/,19630,8049,83,3.60M,00:01:16,1.48,75.53%,https://www.similarweb.com/website/tinybuddha.com/
markmanson.net,36302,16398,182,1.90M,00:01:52,1.59,75.90%,https://www.similarweb.com/website/markmanson.net
https://goodmenproject.com,32827,11433,770,2M,00:7:62,1.39,49.02%,https://www.similarweb.com/website/https://goodmenproject.com
https://www.bulletproofexec.com/,38234,12738,118,1.60M,00:01:40,1.76,68.44%,https://www.similarweb.com/website/https://www.bulletproofexec.com/
addicted2success.com/,76220,39706,649,759.20K,00:01:31,1.69,65.10%,https://www.similarweb.com/website/addicted2success.com/
michaelhyatt.com,60846,23156,376,1M,00:01:16,1.57,73.68%,https://www.similarweb.com/website/michaelhyatt.com
nerdfitness.com,26938,9747,26,2.30M,00:01:51,1.95,70.58%,https://www.similarweb.com/website/nerdfitness.com
marieforleo.com,112837,47485,9408,454.30K,00:02:13,1.93,67.50%,https://www.similarweb.com/website/marieforleo.com
jamesclear.com/,39205,18492,4743,1.60M,00:01:46,1.92,66.39%,https://www.similarweb.com/website/jamesclear.com/
chriskresser.com/,37072,12230,2386,1.80M,00:01:03,1.41,78.63%,https://www.similarweb.com/website/chriskresser.com/
www.keepinspiring.me/,45976,23796,262,1.60M,00:00:43,1.25,81.67%,https://www.similarweb.com/website/www.keepinspiring.me/
www.briantracy.com/,67922,43085,4998,865.20K,00:01:25,1.68,68.20%,https://www.similarweb.com/website/www.briantracy.com/
marcandangel.com,50907,19684,1241,1.20M,00:01:19,1.67,77.16%,https://www.similarweb.com/website/marcandangel.com
www.pickthebrain.com/blog/,79456,35975,2093,802.30K,00:00:56,1.43,75.47%,https://www.similarweb.com/website/www.pickthebrain.com/blog/
stevepavlina.com,85635,36702,2291,660.80K,00:01:22,1.74,73.75%,https://www.similarweb.com/website/stevepavlina.com
liveyourlegend.net,158969,83145,4732,357.40K,00:01:25,1.62,67.85%,https://www.similarweb.com/website/liveyourlegend.net
aha-now.com,914046,91178,54536,28.20K,00:01:40,2.09,52.94%,https://www.similarweb.com/website/aha-now.com
becomingminimalist.com,67434,23862,6056,926.50K,00:01:17,1.47,78.19%,https://www.similarweb.com/website/becomingminimalist.com
www.bakadesuyo.com/,68351,25614,1749,880.90K,00:01:54,1.73,75.84%,https://www.similarweb.com/website/www.bakadesuyo.com/
www.robinsharma.com/blog/,155335,12630,609,299.50K,00:02:00,1.84,64.46%,https://www.similarweb.com/website/www.robinsharma.com/blog/
www.dumblittleman.com/,101766,38786,2805,587.88K,00:01:03,1.39,75.74%,https://www.similarweb.com/website/www.dumblittleman.com/
www.stevenaitchison.co.uk/blog/,120587,53737,3466,485.50K,00:01:01,1.50,78.32%,https://www.similarweb.com/website/www.stevenaitchison.co.uk/blog/
personalexcellence.co,75399,36736,1978,796.80K,00:01:39,1.80,72.53%,https://www.similarweb.com/website/personalexcellence.co
www.robinsharma.com/blog/,155335,12630,609,289.17K,00:01:97,1.81,62.26%,https://www.similarweb.com/website/www.robinsharma.com/blog/
www.spring.org.uk/,61864,27152,50,972.50K,00:01:39,1.65,74.02%,https://www.similarweb.com/website/www.spring.org.uk/
www.drwaynedyer.com/,340511,139728,3973,125.50K,00:01:22,1.57,65.21%,https://www.similarweb.com/website/www.drwaynedyer.com/
writetodone.com/,180970,76666,625,264.89K,00:00:55,1.48,73.22%,https://www.similarweb.com/website/writetodone.com/
positivityblog.com,49258,26481,1190,1.50M,00:00:44,1.31,79.47%,https://www.similarweb.com/website/positivityblog.com
penelopetrunk.com,154641,53372,1489,317.10K,00:01:43,1.69,69.92%,https://www.similarweb.com/website/penelopetrunk.com
scotthyoung.com/blog,119540,56972,3424,442.10K,00:01:43,1.74,67.90%,https://www.similarweb.com/website/scotthyoung.com/blog
projectlifemastery.com/,183655,87119,5566,262.90K,00:01:59,1.66,61.44%,https://www.similarweb.com/website/projectlifemastery.com/
sivers.org,134776,71325,3070,343.30K,00:01:50,2.00,60.48%,https://www.similarweb.com/website/sivers.org
seanogle.com,246697,135859,24363,195.80K,00:01:19,1.50,64.92%,https://www.similarweb.com/website/seanogle.com
chrisguillebeau.com,242268,90129,7786,177K,00:01:37,1.78,62.74%,https://www.similarweb.com/website/chrisguillebeau.com
liveboldandbloom.com,82009,29266,2171,821.60K,00:00:45,1.25,81.70%,https://www.similarweb.com/website/liveboldandbloom.com
www.nomeatathlete.com/,101060,34164,520,566.40K,00:00:58,1.59,71.14%,https://www.similarweb.com/website/www.nomeatathlete.com/
robbwolf.com/blog/,152029,57045,31,370.30K,00:01:01,1.43,78.45%,https://www.similarweb.com/website/robbwolf.com/blog/
boldanddetermined.com/,122900,57944,13787,432.12K,00:01:52,1.67,66.78%,https://www.similarweb.com/website/boldanddetermined.com/
www.asianefficiency.com/,165711,67100,5224,258.10K,00:02:45,2.10,52.31%,https://www.similarweb.com/website/www.asianefficiency.com/
www.successconsciousness.com/,160458,82919,54,316.70K,00:01:31,1.69,68.65%,https://www.similarweb.com/website/www.successconsciousness.com/
vidyasury.com,1616523,125761,26655,5.30K,00:01:18,1.52,79.40%,https://www.similarweb.com/website/vidyasury.com
www.actualized.org/,118708,53962,507,315.40K,00:05:02,3.76,42.10%,https://www.similarweb.com/website/www.actualized.org/
www.finerminds.com/,369268,144959,2759,129.50K,00:00:44,1.33,75.16%,https://www.similarweb.com/website/www.finerminds.com/
thinksimplenow.com,345318,166358,11805,132.80K,00:01:10,1.39,74.09%,https://www.similarweb.com/website/thinksimplenow.com
www.skipprichard.com/,316836,129863,33150,161K,00:00:33,1.30,80.39%,https://www.similarweb.com/website/www.skipprichard.com/
bemorewithless.com,155549,53084,4618,343.30K,00:01:29,1.63,77.52%,https://www.similarweb.com/website/bemorewithless.com
timemanagementninja.com/,253142,88071,869,78.70K,00:01:17,1.81,41.03%,https://www.similarweb.com/website/timemanagementninja.com/
brainblogger.com/,240082,88017,121,208K,00:01:02,1.36,74.95%,https://www.similarweb.com/website/brainblogger.com/
ryanholiday.net/,257944,109879,8345,149.80K,00:02:23,1.76,62.71%,https://www.similarweb.com/website/ryanholiday.net/
raptitude.com,208426,78942,6471,229.80K,00:01:33,1.70,72.45%,https://www.similarweb.com/website/raptitude.com
thechangeblog.com/,274876,111571,8995,172.80K,00:01:17,1.53,71.52%,https://www.similarweb.com/website/thechangeblog.com/
purposefairy.com,188250,69224,12936,272.20K,00:01:50,1.72,78.34%,https://www.similarweb.com/website/purposefairy.com
lifeoptimizer.org,316819,143572,10663,155.30K,00:01:04,1.46,76.91%,https://www.similarweb.com/website/lifeoptimizer.org
productivityist.com/,293359,115759,30267,126.70K,00:01:26,1.86,49.84%,https://www.similarweb.com/website/productivityist.com/
developgoodhabits.com,219257,110252,1713,232.40K,00:01:05,1.45,73.11%,https://www.similarweb.com/website/developgoodhabits.com
jackcanfield.com/blog/,226559,102208,22035,218K,00:01:33,1.55,73.11%,https://www.similarweb.com/website/jackcanfield.com/blog/
www.louisehay.com/,265784,102684,2887,193.80K,00:01:27,1.52,71.86%,https://www.similarweb.com/website/www.louisehay.com/
romanfitnesssystems.com/,294041,125379,30369,143.10K,00:01:00,1.57,71.62%,https://www.similarweb.com/website/romanfitnesssystems.com/
startofhappiness.com,494822,250497,58234,77.20K,00:01:01,1.50,66.19%,https://www.similarweb.com/website/startofhappiness.com
simonarich.com,253845,128859,887,164.20K,00:01:34,2.16,69.81%,https://www.similarweb.com/website/simonarich.com
impossiblehq.com/,339310,141502,29793,126.40K,00:01:14,1.56,70.47%,https://www.similarweb.com/website/impossiblehq.com/
paidtoexist.com,452273,198216,46048,93.90K,00:00:48,1.35,78.17%,https://www.similarweb.com/website/paidtoexist.com
yogadork.com/,364771,113532,4576,42.35K,00:01:27,1.45,30.41%,https://www.similarweb.com/website/yogadork.com/
forwardstepsblog.com,1108097,366327,47821,13.90K,00:13:54,7.39,29.33%,https://www.similarweb.com/website/forwardstepsblog.com
advancedlifeskills.com,318294,138279,10726,165.70K,00:00:45,1.27,78.86%,https://www.similarweb.com/website/advancedlifeskills.com
https://www.deepakchopra.com/,235241,80585,2489,205.90K,00:01:04,1.60,60.10%,https://www.similarweb.com/website/https://www.deepakchopra.com/
alden-tan.com,539217,362019,20211,60.10K,00:02:07,2.07,60.27%,https://www.similarweb.com/website/alden-tan.com
tynan.com,451915,160591,16255,83.70K,00:00:46,1.72,50.20%,https://www.similarweb.com/website/tynan.com
prolificliving.com,266673,110120,2903,195.84K,00:00:48,1.37,75.07%,https://www.similarweb.com/website/prolificliving.com
wakeupcloud.com,421730,189705,5224,113.10K,00:00:55,1.35,77.98%,https://www.similarweb.com/website/wakeupcloud.com
life-longlearner.com,429354,219209,5352,89.90K,00:01:07,1.44,57.24%,https://www.similarweb.com/website/life-longlearner.com
positivewriter.com,704328,240342,1968,47.40K,00:00:46,1.41,66.03%,https://www.similarweb.com/website/positivewriter.com
brendonburchard.com,1008376,554318,15462,31K,00:00:14,1.38,54.04%,https://www.similarweb.com/website/brendonburchard.com
theemotionmachine.com,353159,143813,873,125.80K,00:01:02,1.35,72.43%,https://www.similarweb.com/website/theemotionmachine.com
www.planetofsuccess.com/,187003,105290,17351,283.50K,00:01:06,1.46,73.88%,https://www.similarweb.com/website/www.planetofsuccess.com/
adaringadventure.com,787178,323235,490,44.40K,00:01:14,1.62,58.02%,https://www.similarweb.com/website/adaringadventure.com
www.productivity501.com/,410345,163263,14515,97.20K,00:00:35,1.40,60.44%,https://www.similarweb.com/website/www.productivity501.com/
www.lollydaskal.com/,1213509,479759,3903,22.40K,00:01:00,1.37,73.14%,https://www.similarweb.com/website/www.lollydaskal.com/
switchandshift.com/,662420,392591,26056,37.90K,00:00:50,1.20,85.29%,https://www.similarweb.com/website/switchandshift.com/
inspiyr.com/,326994,132270,10412,167.10K,00:00:53,1.23,79.82%,https://www.similarweb.com/website/inspiyr.com/
www.runtothefinish.com/,710890,293992,28349,34.10K,00:01:37,2.56,54.11%,https://www.similarweb.com/website/www.runtothefinish.com/
www.want2discover.com/,1517206,921728,22272,26.20K,00:01:00,1.46,54.88%,https://www.similarweb.com/website/www.want2discover.com/
jonathanfields.com,872685,346675,116345,34.60K,00:00:42,1.54,57.58%,https://www.similarweb.com/website/jonathanfields.com
goodlifezen.com,307300,102104,3472,162.40K,00:00:47,1.35,75.45%,https://www.similarweb.com/website/goodlifezen.com
deepexistence.com,11958333,950397,720145,651,00:00:14,1.52,46.65%,https://www.similarweb.com/website/deepexistence.com
www.startgainingmomentum.com/,745225,455703,82,47.20K,00:01:42,1.76,46.15%,https://www.similarweb.com/website/www.startgainingmomentum.com/
dragosroua.com,633329,260098,24614,58.10K,00:00:36,1.72,47.40%,https://www.similarweb.com/website/dragosroua.com

